request_id,amount_safe_to_pay,affordability_status,recommended_payment_method,payment_plan,earliest_date_for_full_payment,spending_changes_needed,decision_explanation
request_26,15656000,affordable_now,full_payment,2025-08-03:15656000,2025-08-03,none,Pay IDR 15656000 today. This leaves at least IDR 24768300 available over the next 90 days.
request_27,6670,affordable_now,full_payment,2026-07-05:6670,2026-07-05,none,Pay ZAR 6670 today. This leaves at least ZAR 20500 available over the next 90 days.
request_28,289.23,affordable_later,wait,2024-08-15:1302.40,2024-08-15,none,"Wait until 15 August 2024, then pay EUR 1302.40 in full. Paying earlier would take the balance below the EUR 1100 minimum."
request_29,1855.42,not_affordable,not_recommended,none,,none,"Do not proceed with the ZAR 51524 request. Although ZAR 1855.42 is available today, the full amount cannot be completed safely within 90 days."
request_30,775.20,affordable_with_plan,installments,2026-04-06:268.74|2026-05-06:268.74|2026-06-05:268.74,2026-04-06,none,"Use 3 installments of USD 268.74, starting 6 April 2026. This leaves at least USD 900 available."
request_31,2700039.54,affordable_later,wait,2024-11-15:18164000,2024-11-15,none,"Wait until 15 November 2024, then pay IDR 18164000 in full. Paying earlier would take the balance below the IDR 16588900 minimum."
request_32,13339.36,not_affordable,not_recommended,none,,none,"Do not proceed with the ZAR 40018 request. Although ZAR 13339.36 is available today, the full amount cannot be completed safely within 90 days."
request_33,30731.19,not_affordable,not_recommended,none,,none,"Do not proceed with the INR 118000 request. Although INR 30731.19 is available today, the full amount cannot be completed safely within 90 days."
request_34,129400,affordable_now,full_payment,2024-12-04:129400,2024-12-04,none,Pay INR 129400 today. This leaves at least INR 138500 available over the next 90 days.
request_35,9908.81,not_affordable,not_recommended,none,,none,"Do not proceed with the INR 212000 request. Although INR 9908.81 is available today, the full amount cannot be completed safely within 90 days."
request_36,588.71,affordable_later,wait,2026-09-15:3954,2026-09-15,none,"Wait until 15 September 2026, then pay USD 3954 in full. Paying earlier would take the balance below the USD 2400 minimum."
request_37,4367687.16,not_affordable,not_recommended,none,,none,"Do not proceed with the IDR 14649000 request. Although IDR 4367687.16 is available today, the full amount cannot be completed safely within 90 days."
request_38,171.65,not_affordable,not_recommended,none,,none,"Do not proceed with the EUR 971.30 request. Although EUR 171.65 is available today, the full amount cannot be completed safely within 90 days."
request_39,57446.07,affordable_later,wait,2026-06-15:208600,2026-06-15,none,"Wait until 15 June 2026, then pay INR 208600 in full. Paying earlier would take the balance below the INR 213400 minimum."
request_40,355.73,not_affordable,not_recommended,none,,none,"Do not proceed with the EUR 1290.30 request. Although EUR 355.73 is available today, the full amount cannot be completed safely within 90 days."
request_41,7644359.43,affordable_later,wait,2026-01-15:38760000,2026-01-15,none,"Wait until 15 January 2026, then pay IDR 38760000 in full. Paying earlier would take the balance below the IDR 25366600 minimum."
request_42,26860.98,affordable_with_plan,full_payment,2026-01-05:52100,,reduce_to:event_3956:2695,"reduce the family dinner to INR 2695, then pay INR 52100 today. This leaves at least INR 113100 available."
request_43,8273626.88,affordable_later,wait,2024-11-15:43339000,2024-11-15,none,"Wait until 15 November 2024, then pay IDR 43339000 in full. Paying earlier would take the balance below the IDR 21398000 minimum."
request_44,35259.03,affordable_later,wait,2025-04-15:95800,2025-04-15,none,"Wait until 15 April 2025, then pay INR 95800 in full. Paying earlier would take the balance below the INR 82900 minimum."
request_45,3361778.45,affordable_later,wait,2026-09-15:21983000,2026-09-15,none,"Wait until 15 September 2026, then pay IDR 21983000 in full. Paying earlier would take the balance below the IDR 11149800 minimum."
request_46,1540.08,not_affordable,not_recommended,none,,none,"Do not proceed with the INR 49450 request. Although INR 1540.08 is available today, the full amount cannot be completed safely within 90 days."
request_47,19891481.78,not_affordable,not_recommended,none,,none,"Do not proceed with the IDR 38114000 request. Although IDR 19891481.78 is available today, the full amount cannot be completed safely within 90 days."
request_48,33375.41,not_affordable,not_recommended,none,,none,"Do not proceed with the INR 45700 request. Although INR 33375.41 is available today, the full amount cannot be completed safely within 90 days."
request_49,13333501.72,affordable_with_plan,installments,2024-03-18:11902106.67|2024-04-18:11902106.67|2024-05-19:11902106.67,2024-05-15,none,"Use 3 installments of IDR 11902106.67, starting 18 March 2024. This leaves at least IDR 20275700 available."
request_50,43900,affordable_now,full_payment,2025-08-06:43900,2025-08-06,none,Pay INR 43900 today. This leaves at least INR 99700 available over the next 90 days.
request_51,2191000,affordable_now,full_payment,2026-01-03:2191000,2026-01-03,none,Pay IDR 2191000 today. This leaves at least IDR 7811000 available over the next 90 days.
request_52,19241.76,affordable_later,wait,2024-06-15:28870,2024-06-15,none,"Wait until 15 June 2024, then pay INR 28870 in full. Paying earlier would take the balance below the INR 41500 minimum."
request_53,233.64,not_affordable,not_recommended,none,,none,"Do not proceed with the USD 1699.20 request. Although USD 233.64 is available today, the full amount cannot be completed safely within 90 days."
request_54,2083.52,not_affordable,not_recommended,none,,none,"Do not proceed with the ZAR 121528 request. Although ZAR 2083.52 is available today, the full amount cannot be completed safely within 90 days."
request_55,142538.85,affordable_with_plan,installments,2026-06-11:75781.33|2026-07-12:75781.33|2026-08-12:75781.33,2026-07-15,none,"Use 3 installments of INR 75781.33, starting 11 June 2026. This leaves at least INR 124300 available."
request_56,632.95,affordable_with_plan,partial_payment,2025-02-03:632.95|2025-02-15:248.61,2025-02-15,none,Pay USD 632.95 today and the remaining USD 248.61 on 15 February 2025. This completes the full request and keeps the USD 2100 minimum protected.
request_57,12819.59,affordable_later,wait,2026-06-15:61446,2026-06-15,none,"Wait until 15 June 2026, then pay ZAR 61446 in full. Paying earlier would take the balance below the ZAR 42700 minimum."
request_58,14943838.93,affordable_with_plan,full_payment,2024-12-07:16226000,,stop:event_5358,"Stop the community fitness plan, then pay IDR 16226000 today. This leaves at least IDR 14433900 available."
request_59,140600,affordable_with_plan,installments,2025-05-07:48741.33|2025-06-04:48741.33|2025-07-02:48741.33,2025-05-04,none,"Use 3 installments of INR 48741.33, starting 7 May 2025. This leaves at least INR 132600 available."
request_60,0,not_affordable,not_recommended,none,,none,Do not make this payment by 4 March 2026. None of the available options keeps the USD 400 minimum protected.
request_61,29062,affordable_with_plan,installments,2024-03-17:10074.83|2024-04-17:10074.83|2024-05-18:10074.83,2024-03-03,none,"Use 3 installments of ZAR 10074.83, starting 17 March 2024. This leaves at least ZAR 36700 available."
request_62,404.23,affordable_now,full_payment,2025-08-05:404.23,2025-08-05,none,Pay USD 404.23 today. This leaves at least USD 1300 available over the next 90 days.
request_63,45295.06,not_affordable,not_recommended,none,,none,"Do not proceed with the INR 343900 request. Although INR 45295.06 is available today, the full amount cannot be completed safely within 90 days."
request_64,0,not_affordable,not_recommended,none,,none,Do not make this payment by 16 August 2024. None of the available options keeps the INR 36100 minimum protected.
request_65,5886.72,not_affordable,not_recommended,none,,none,"Do not proceed with the ZAR 54340 request. Although ZAR 5886.72 is available today, the full amount cannot be completed safely within 90 days."
request_66,22200,affordable_now,full_payment,2026-04-03:22200,2026-04-03,none,Pay INR 22200 today. This leaves at least INR 80700 available over the next 90 days.
request_67,300.77,affordable_later,wait,2024-11-15:2094,2024-11-15,none,"Wait until 15 November 2024, then pay USD 2094 in full. Paying earlier would take the balance below the USD 1200 minimum."
request_68,1333.62,affordable_with_plan,installments,2025-02-14:725.09|2025-03-14:725.09|2025-04-11:725.09,2025-03-15,none,"Use 3 installments of USD 725.09, starting 14 February 2025. This leaves at least USD 1500 available."
request_69,529.10,affordable_now,full_payment,2026-01-04:529.10,2026-01-04,none,Pay EUR 529.10 today. This leaves at least EUR 700 available over the next 90 days.
request_70,50476.80,not_affordable,not_recommended,none,,none,"Do not proceed with the INR 243900 request. Although INR 50476.80 is available today, the full amount cannot be completed safely within 90 days."
request_71,572154.47,not_affordable,not_recommended,none,,none,"Do not proceed with the IDR 21451000 request. Although IDR 572154.47 is available today, the full amount cannot be completed safely within 90 days."
request_72,11330,affordable_now,full_payment,2026-07-05:11330,2026-07-05,none,Pay ZAR 11330 today. This leaves at least ZAR 12200 available over the next 90 days.
request_73,71400,affordable_now,full_payment,2023-01-20:71400,2023-01-20,none,Pay INR 71400 today. This leaves at least INR 103200 available over the next 90 days.
request_74,5010,affordable_now,full_payment,2025-08-04:5010,2025-08-04,none,Pay ZAR 5010 today. This leaves at least ZAR 21900 available over the next 90 days.
request_75,13211.67,not_affordable,not_recommended,none,,none,"Do not proceed with the ZAR 28270 request. Although ZAR 13211.67 is available today, the full amount cannot be completed safely within 90 days."
request_76,717.14,not_affordable,not_recommended,none,,none,"Do not proceed with the USD 4455.60 request. Although USD 717.14 is available today, the full amount cannot be completed safely within 90 days."
request_77,59542.65,not_affordable,not_recommended,none,,none,"Do not proceed with the INR 60700 request. Although INR 59542.65 is available today, the full amount cannot be completed safely within 90 days."
request_78,12703.64,not_affordable,not_recommended,none,,none,"Do not proceed with the INR 50200 request. Although INR 12703.64 is available today, the full amount cannot be completed safely within 90 days."
request_79,313.14,not_affordable,not_recommended,none,,none,"Do not proceed with the EUR 2151.60 request. Although EUR 313.14 is available today, the full amount cannot be completed safely within 90 days."
request_80,110008.68,not_affordable,not_recommended,none,,none,"Do not proceed with the INR 217500 request. Although INR 110008.68 is available today, the full amount cannot be completed safely within 90 days."
request_81,2076,affordable_now,full_payment,2026-07-03:2076,2026-07-03,none,Pay USD 2076 today. This leaves at least USD 1600 available over the next 90 days.
request_82,313.89,affordable_later,wait,2025-02-15:1405.20,2025-02-15,none,"Wait until 15 February 2025, then pay USD 1405.20 in full. Paying earlier would take the balance below the USD 1100 minimum."
request_83,7244.95,not_affordable,not_recommended,none,,none,"Do not proceed with the INR 156200 request. Although INR 7244.95 is available today, the full amount cannot be completed safely within 90 days."
request_84,33412.62,affordable_later,wait,2026-06-15:95400,2026-06-15,none,"Wait until 15 June 2026, then pay INR 95400 in full. Paying earlier would take the balance below the INR 91300 minimum."
request_85,690584.49,not_affordable,not_recommended,none,,none,"Do not proceed with the IDR 19304000 request. Although IDR 690584.49 is available today, the full amount cannot be completed safely within 90 days."
request_86,46300,affordable_now,full_payment,2025-08-03:46300,2025-08-03,none,Pay INR 46300 today. This leaves at least INR 84900 available over the next 90 days.
request_87,16918.39,not_affordable,not_recommended,none,,none,"Do not proceed with the INR 487900 request. Although INR 16918.39 is available today, the full amount cannot be completed safely within 90 days."
request_88,10735.77,not_affordable,not_recommended,none,,none,"Do not proceed with the ZAR 26092 request. Although ZAR 10735.77 is available today, the full amount cannot be completed safely within 90 days."
request_89,9392480.17,not_affordable,not_recommended,none,,none,"Do not proceed with the IDR 13756000 request. Although IDR 9392480.17 is available today, the full amount cannot be completed safely within 90 days."
request_90,2560,affordable_now,full_payment,2026-07-06:2560,2026-07-06,none,Pay ZAR 2560 today. This leaves at least ZAR 7600 available over the next 90 days.
request_91,482.20,affordable_later,wait,2024-11-15:1927.20,2024-11-15,none,"Wait until 15 November 2024, then pay EUR 1927.20 in full. Paying earlier would take the balance below the EUR 2100 minimum."
request_92,34034,affordable_now,full_payment,2025-02-05:34034,2025-02-05,none,Pay ZAR 34034 today. This leaves at least ZAR 28100 available over the next 90 days.
request_93,1729.20,affordable_now,full_payment,2026-04-07:1729.20,2026-04-07,none,Pay USD 1729.20 today. This leaves at least USD 1900 available over the next 90 days.
request_94,572,affordable_now,full_payment,2024-12-04:572,2024-12-04,none,Pay EUR 572 today. This leaves at least EUR 600 available over the next 90 days.
request_95,4648.03,not_affordable,not_recommended,none,,none,"Do not proceed with the INR 553000 request. Although INR 4648.03 is available today, the full amount cannot be completed safely within 90 days."
request_96,72758.97,not_affordable,not_recommended,none,,none,"Do not proceed with the INR 90200 request. Although INR 72758.97 is available today, the full amount cannot be completed safely within 90 days."
request_97,1599.79,affordable_with_plan,installments,2024-03-19:8145.28|2024-04-19:8145.28|2024-05-20:8145.28,2024-04-15,none,"Use 3 installments of ZAR 8145.28, starting 19 March 2024. This leaves at least ZAR 29700 available."
request_98,0,not_affordable,not_recommended,none,,none,Do not make this payment by 15 October 2025. None of the available options keeps the ZAR 30000 minimum protected.
request_99,17445.43,affordable_with_plan,full_payment,2026-07-04:18062,2026-07-15,stop:event_9188,"Stop the family streaming plan, then pay ZAR 18062 today. This leaves at least ZAR 49100 available."
request_100,25169.04,not_affordable,not_recommended,none,,none,"Do not proceed with the ZAR 37114 request. Although ZAR 25169.04 is available today, the full amount cannot be completed safely within 90 days."
request_101,143500,affordable_now,full_payment,2025-11-03:143500,2025-11-03,none,Pay INR 143500 today. This leaves at least INR 187400 available over the next 90 days.
request_102,1716,affordable_with_plan,installments,2026-04-05:594.88|2026-05-05:594.88|2026-06-04:594.88,2026-04-05,none,"Use 3 installments of EUR 594.88, starting 5 April 2026. This leaves at least EUR 900 available."
request_103,2146.56,not_affordable,not_recommended,none,,none,"Do not proceed with the INR 368300 request. Although INR 2146.56 is available today, the full amount cannot be completed safely within 90 days."
request_104,17204,affordable_now,full_payment,2025-02-04:17204,2025-02-04,none,Pay ZAR 17204 today. This leaves at least ZAR 24700 available over the next 90 days.
request_105,18405.24,not_affordable,not_recommended,none,,none,"Do not proceed with the INR 53500 request. Although INR 18405.24 is available today, the full amount cannot be completed safely within 90 days."
request_106,463.22,affordable_later,wait,2025-02-15:2207.70,2025-02-15,none,"Wait until 15 February 2025, then pay EUR 2207.70 in full. Paying earlier would take the balance below the EUR 1200 minimum."
request_107,520.07,not_affordable,not_recommended,none,,none,"Do not proceed with the EUR 2534.40 request. Although EUR 520.07 is available today, the full amount cannot be completed safely within 90 days."
request_108,1717.39,not_affordable,not_recommended,none,,none,"Do not proceed with the ZAR 55308 request. Although ZAR 1717.39 is available today, the full amount cannot be completed safely within 90 days."
request_109,570.48,affordable_with_plan,installments,2024-03-18:645.98|2024-04-18:645.98|2024-05-19:645.98,2024-05-15,none,"Use 3 installments of EUR 645.98, starting 18 March 2024. This leaves at least EUR 1700 available."
request_110,22352,affordable_with_plan,installments,2025-08-06:7748.69|2025-09-03:7748.69|2025-10-01:7748.69,2025-08-06,none,"Use 3 installments of ZAR 7748.69, starting 6 August 2025. This leaves at least ZAR 11200 available."
request_111,16625000,affordable_now,full_payment,2026-04-03:16625000,2026-04-03,none,Pay IDR 16625000 today. This leaves at least IDR 23022800 available over the next 90 days.
request_112,271.70,affordable_now,full_payment,2024-06-05:271.70,2024-06-05,none,Pay EUR 271.70 today. This leaves at least EUR 500 available over the next 90 days.
request_113,19576.63,affordable_later,wait,2026-10-15:36500,2026-10-15,none,"Wait until 15 October 2026, then pay INR 36500 in full. Paying earlier would take the balance below the INR 82300 minimum."
request_114,20570.81,not_affordable,not_recommended,none,,none,"Do not proceed with the INR 65300 request. Although INR 20570.81 is available today, the full amount cannot be completed safely within 90 days."
request_115,14648.43,not_affordable,not_recommended,none,,none,"Do not proceed with the INR 80500 request. Although INR 14648.43 is available today, the full amount cannot be completed safely within 90 days."
request_116,9179.83,not_affordable,not_recommended,none,,none,"Do not proceed with the INR 241200 request. Although INR 9179.83 is available today, the full amount cannot be completed safely within 90 days."
request_117,859.11,affordable_with_plan,full_payment,2026-07-05:880,2026-07-15,stop:event_10833,"Stop the family streaming plan, then pay EUR 880 today. This leaves at least EUR 1000 available."
request_118,649.88,not_affordable,not_recommended,none,,none,"Do not proceed with the EUR 738.10 request. Although EUR 649.88 is available today, the full amount cannot be completed safely within 90 days."
request_119,59410.40,not_affordable,not_recommended,none,,none,"Do not proceed with the INR 203500 request. Although INR 59410.40 is available today, the full amount cannot be completed safely within 90 days."
request_120,7714000,affordable_now,full_payment,2026-04-06:7714000,2026-04-06,none,Pay IDR 7714000 today. This leaves at least IDR 20050300 available over the next 90 days.
request_121,446.22,not_affordable,not_recommended,none,,none,"Do not proceed with the USD 633.60 request. Although USD 446.22 is available today, the full amount cannot be completed safely within 90 days."
request_122,20558000,affordable_with_plan,installments,2025-08-05:7126773.33|2025-09-02:7126773.33|2025-09-30:7126773.33,2025-08-05,none,"Use 3 installments of IDR 7126773.33, starting 5 August 2025. This leaves at least IDR 12588500 available."
request_123,4076000,affordable_now,full_payment,2026-01-07:4076000,2026-01-07,none,Pay IDR 4076000 today. This leaves at least IDR 18091200 available over the next 90 days.
request_124,1452.45,not_affordable,not_recommended,none,,none,"Do not proceed with the EUR 3104.20 request. Although EUR 1452.45 is available today, the full amount cannot be completed safely within 90 days."
request_125,0,not_affordable,not_recommended,none,,none,Do not make this payment by 14 November 2025. None of the available options keeps the ZAR 11300 minimum protected.
request_126,159600,affordable_now,full_payment,2026-07-03:159600,2026-07-03,none,Pay INR 159600 today. This leaves at least INR 129700 available over the next 90 days.
request_127,7420.91,affordable_later,wait,2024-10-15:23980,2024-10-15,none,"Wait until 15 October 2024, then pay ZAR 23980 in full. Paying earlier would take the balance below the ZAR 41000 minimum."
request_128,25168,affordable_now,full_payment,2025-02-07:25168,2025-02-07,none,Pay ZAR 25168 today. This leaves at least ZAR 42600 available over the next 90 days.
request_129,111.57,not_affordable,not_recommended,none,,none,"Do not proceed with the USD 2668.80 request. Although USD 111.57 is available today, the full amount cannot be completed safely within 90 days."
request_130,373.31,affordable_later,wait,2025-02-15:1978.80,2025-02-15,none,"Wait until 15 February 2025, then pay USD 1978.80 in full. Paying earlier would take the balance below the USD 1400 minimum."
request_131,1134.43,affordable_with_plan,installments,2025-05-06:643.14|2025-06-03:643.14|2025-07-01:643.14,2025-06-15,none,"Use 3 installments of USD 643.14, starting 6 May 2025. This leaves at least USD 1100 available."
request_132,0,not_affordable,not_recommended,none,,none,Do not make this payment by 25 February 2026. None of the available options keeps the USD 1100 minimum protected.
request_133,15770000,not_affordable,not_recommended,none,,none,"Do not proceed with the IDR 15770000 request. Although IDR 15770000 is available today, the full amount cannot be completed safely within 90 days."
request_134,0,not_affordable,not_recommended,none,,none,Do not make this payment by 15 October 2025. None of the available options keeps the IDR 15902500 minimum protected.
request_135,283.19,affordable_with_plan,full_payment,2026-07-06:304.80,2026-07-15,stop:event_12413,"Stop the video streaming plan, then pay USD 304.80 today. This leaves at least USD 500 available."
request_136,528.50,affordable_with_plan,full_payment,2024-06-03:560.40,2024-06-15,reduce_to:event_12498:27.20,"reduce the household shopping to USD 27.20, then pay USD 560.40 today. This leaves at least USD 1100 available."
request_137,24172.14,not_affordable,not_recommended,none,,none,"Do not proceed with the INR 80100 request. Although INR 24172.14 is available today, the full amount cannot be completed safely within 90 days."
request_138,860.56,affordable_with_plan,partial_payment,2026-04-07:860.56|2026-04-15:396.38,2026-04-15,none,Pay EUR 860.56 today and the remaining EUR 396.38 on 15 April 2026. This completes the full request and keeps the EUR 2300 minimum protected.
request_139,1329.41,not_affordable,not_recommended,none,,none,"Do not proceed with the USD 2316 request. Although USD 1329.41 is available today, the full amount cannot be completed safely within 90 days."
request_140,1428.81,not_affordable,not_recommended,none,,none,"Do not proceed with the ZAR 62832 request. Although ZAR 1428.81 is available today, the full amount cannot be completed safely within 90 days."
request_141,0,not_affordable,not_recommended,none,,none,Do not make this payment by 12 February 2026. None of the available options keeps the INR 67300 minimum protected.
request_142,1263.60,affordable_now,full_payment,2024-12-05:1263.60,2024-12-05,none,Pay USD 1263.60 today. This leaves at least USD 1700 available over the next 90 days.
request_143,0,not_affordable,not_recommended,none,,none,Do not make this payment by 15 July 2025. None of the available options keeps the ZAR 11300 minimum protected.
request_144,233.34,affordable_now,full_payment,2026-07-04:233.34,2026-07-04,none,Pay USD 233.34 today. This leaves at least USD 600 available over the next 90 days.
request_145,27650.10,not_affordable,not_recommended,none,,none,"Do not proceed with the INR 217400 request. Although INR 27650.10 is available today, the full amount cannot be completed safely within 90 days."
request_146,16037.09,not_affordable,not_recommended,none,,none,"Do not proceed with the INR 449400 request. Although INR 16037.09 is available today, the full amount cannot be completed safely within 90 days."
request_147,477.46,affordable_with_plan,installments,2026-04-08:391.63|2026-05-08:391.63|2026-06-07:391.63,2026-05-15,none,"Use 3 installments of EUR 391.63, starting 8 April 2026. This leaves at least EUR 900 available."
request_148,677.39,not_affordable,not_recommended,none,,none,"Do not proceed with the ZAR 22242 request. Although ZAR 677.39 is available today, the full amount cannot be completed safely within 90 days."
request_149,24908.46,affordable_with_plan,installments,2025-11-18:12706.03|2025-12-16:12706.03|2026-01-13:12706.03,2025-12-15,none,"Use 3 installments of ZAR 12706.03, starting 18 November 2025. This leaves at least ZAR 42100 available."
request_150,0,not_affordable,not_recommended,none,,none,Do not make this payment by 16 March 2026. None of the available options keeps the EUR 700 minimum protected.
request_151,26999000,affordable_now,full_payment,2024-09-03:26999000,2024-09-03,none,Pay IDR 26999000 today. This leaves at least IDR 31633600 available over the next 90 days.
request_152,11084.90,not_affordable,not_recommended,none,,none,"Do not proceed with the ZAR 13882 request. Although ZAR 11084.90 is available today, the full amount cannot be completed safely within 90 days."
request_153,68.65,not_affordable,not_recommended,none,,none,"Do not proceed with the USD 2830.80 request. Although USD 68.65 is available today, the full amount cannot be completed safely within 90 days."
request_154,1625.80,not_affordable,not_recommended,none,,none,"Do not proceed with the EUR 1625.80 request. Although EUR 1625.80 is available today, the full amount cannot be completed safely within 90 days."
request_155,112500,affordable_now,full_payment,2025-05-06:112500,2025-05-06,none,Pay INR 112500 today. This leaves at least INR 56300 available over the next 90 days.
request_156,9491.14,affordable_later,wait,2026-06-15:43076,2026-06-15,none,"Wait until 15 June 2026, then pay ZAR 43076 in full. Paying earlier would take the balance below the ZAR 26900 minimum."
request_157,5174330.12,affordable_later,wait,2024-05-15:23503000,2024-05-15,none,"Wait until 15 May 2024, then pay IDR 23503000 in full. Paying earlier would take the balance below the IDR 15714100 minimum."
request_158,242600,affordable_with_plan,installments,2025-08-07:84101.33|2025-09-04:84101.33|2025-10-02:84101.33,2025-08-07,none,"Use 3 installments of INR 84101.33, starting 7 August 2025. This leaves at least INR 131400 available."
request_159,3943.10,not_affordable,not_recommended,none,,none,"Do not proceed with the ZAR 13398 request. Although ZAR 3943.10 is available today, the full amount cannot be completed safely within 90 days."
request_160,569.52,affordable_with_plan,installments,2024-06-13:432.05|2024-07-14:432.05|2024-08-14:432.05,2024-07-15,none,"Use 3 installments of EUR 432.05, starting 13 June 2024. This leaves at least EUR 1200 available."
request_161,0,not_affordable,not_recommended,none,,none,Do not make this payment by 15 January 2026. None of the available options keeps the IDR 23010400 minimum protected.
request_162,1255094.80,not_affordable,not_recommended,none,,none,"Do not proceed with the IDR 83923000 request. Although IDR 1255094.80 is available today, the full amount cannot be completed safely within 90 days."
request_163,8809583.38,not_affordable,not_recommended,none,,none,"Do not proceed with the IDR 19304000 request. Although IDR 8809583.38 is available today, the full amount cannot be completed safely within 90 days."
request_164,27018000,affordable_with_plan,installments,2025-02-11:9366240|2025-03-11:9366240|2025-04-08:9366240,2025-02-04,none,"Use 3 installments of IDR 9366240, starting 11 February 2025. This leaves at least IDR 29550500 available."
request_165,68752.32,affordable_with_plan,full_payment,2026-04-06:80600,,stop:event_15135|reduce_to:event_15136:1048,"Stop the video streaming plan and reduce the online retail purchases to INR 1048, then pay INR 80600 today. This leaves at least INR 95000 available."
request_166,2907.60,affordable_with_plan,installments,2024-12-03:1007.97|2025-01-03:1007.97|2025-02-03:1007.97,2024-12-03,none,"Use 3 installments of USD 1007.97, starting 3 December 2024. This leaves at least USD 1700 available."
request_167,43802,affordable_now,full_payment,2025-05-05:43802,2025-05-05,none,Pay ZAR 43802 today. This leaves at least ZAR 31200 available over the next 90 days.
request_168,0,not_affordable,not_recommended,none,,none,Do not make this payment by 16 March 2026. None of the available options keeps the INR 114400 minimum protected.
request_169,41976,affordable_now,full_payment,2024-03-04:41976,2024-03-04,none,Pay ZAR 41976 today. This leaves at least ZAR 18700 available over the next 90 days.
request_170,16051646,not_affordable,not_recommended,none,,none,"Do not proceed with the IDR 36936000 request. Although IDR 16051646 is available today, the full amount cannot be completed safely within 90 days."
request_171,33.02,not_affordable,not_recommended,none,,none,"Do not proceed with the EUR 1878.80 request. Although EUR 33.02 is available today, the full amount cannot be completed safely within 90 days."
request_172,9077.61,affordable_with_plan,partial_payment,2024-06-05:9077.61|2024-06-15:1122.39,2024-06-15,none,Pay ZAR 9077.61 today and the remaining ZAR 1122.39 on 15 June 2024. This completes the full request and keeps the ZAR 27200 minimum protected.
request_173,0,not_affordable,not_recommended,none,,none,Do not make this payment by 17 January 2026. None of the available options keeps the INR 79100 minimum protected.
request_174,1075.32,not_affordable,not_recommended,none,,none,"Do not proceed with the EUR 1146.20 request. Although EUR 1075.32 is available today, the full amount cannot be completed safely within 90 days."
request_175,2346.30,affordable_now,full_payment,2024-09-06:2346.30,2024-09-06,none,Pay EUR 2346.30 today. This leaves at least EUR 1700 available over the next 90 days.
request_176,367,not_affordable,not_recommended,none,,none,"Do not proceed with the EUR 1239.70 request. Although EUR 367 is available today, the full amount cannot be completed safely within 90 days."
request_177,799.75,affordable_with_plan,full_payment,2026-01-05:1017.60,,reduce_to:event_16317:32,"reduce the takeaway order to USD 32, then pay USD 1017.60 today. This leaves at least USD 1300 available."
request_178,2938.10,affordable_with_plan,installments,2024-12-07:1018.54|2025-01-07:1018.54|2025-02-07:1018.54,2024-12-07,none,"Use 3 installments of EUR 1018.54, starting 7 December 2024. This leaves at least EUR 1400 available."
request_179,0,not_affordable,not_recommended,none,,none,Do not make this payment by 15 July 2025. None of the available options keeps the IDR 41430800 minimum protected.
request_180,66500,affordable_now,full_payment,2026-07-06:66500,2026-07-06,none,Pay INR 66500 today. This leaves at least INR 37300 available over the next 90 days.
request_181,412.69,not_affordable,not_recommended,none,,none,"Do not proceed with the USD 5059.20 request. Although USD 412.69 is available today, the full amount cannot be completed safely within 90 days."
request_182,65714,affordable_now,full_payment,2025-08-05:65714,2025-08-05,none,Pay ZAR 65714 today. This leaves at least ZAR 31100 available over the next 90 days.
request_183,22982284.10,affordable_with_plan,installments,2026-04-10:9313546.67|2026-05-10:9313546.67|2026-06-09:9313546.67,2026-05-15,none,"Use 3 installments of IDR 9313546.67, starting 10 April 2026. This leaves at least IDR 11878300 available."
request_184,11954.15,not_affordable,not_recommended,none,,none,"Do not proceed with the INR 251900 request. Although INR 11954.15 is available today, the full amount cannot be completed safely within 90 days."
request_185,309.85,not_affordable,not_recommended,none,,none,"Do not proceed with the EUR 1257.30 request. Although EUR 309.85 is available today, the full amount cannot be completed safely within 90 days."
request_186,0,not_affordable,not_recommended,none,,none,Do not make this payment by 15 March 2026. None of the available options keeps the ZAR 22000 minimum protected.
request_187,37844.44,affordable_later,wait,2024-11-15:187500,2024-11-15,none,"Wait until 15 November 2024, then pay INR 187500 in full. Paying earlier would take the balance below the INR 128300 minimum."
request_188,27.90,not_affordable,not_recommended,none,,none,"Do not proceed with the EUR 2464 request. Although EUR 27.90 is available today, the full amount cannot be completed safely within 90 days."
request_189,488.40,affordable_now,full_payment,2026-07-04:488.40,2026-07-04,none,Pay EUR 488.40 today. This leaves at least EUR 400 available over the next 90 days.
request_190,554.49,affordable_later,wait,2025-02-15:2557.50,2025-02-15,none,"Wait until 15 February 2025, then pay EUR 2557.50 in full. Paying earlier would take the balance below the EUR 1600 minimum."
request_191,664.40,affordable_now,full_payment,2025-05-03:664.40,2025-05-03,none,Pay EUR 664.40 today. This leaves at least EUR 500 available over the next 90 days.
request_192,107.83,not_affordable,not_recommended,none,,none,"Do not proceed with the USD 2046 request. Although USD 107.83 is available today, the full amount cannot be completed safely within 90 days."
request_193,65.84,affordable_with_plan,installments,2024-03-21:420.23|2024-04-21:420.23|2024-05-22:420.23,2024-05-15,none,"Use 3 installments of EUR 420.23, starting 21 March 2024. This leaves at least EUR 1000 available."
request_194,33083.28,affordable_later,wait,2025-10-15:132800,2025-10-15,none,"Wait until 15 October 2025, then pay INR 132800 in full. Paying earlier would take the balance below the INR 113600 minimum."
request_195,602.13,not_affordable,not_recommended,none,,none,"Do not proceed with the EUR 1170.40 request. Although EUR 602.13 is available today, the full amount cannot be completed safely within 90 days."
request_196,762.30,affordable_now,full_payment,2024-06-03:762.30,2024-06-03,none,Pay EUR 762.30 today. This leaves at least EUR 500 available over the next 90 days.
request_197,20186284.07,not_affordable,not_recommended,none,,none,"Do not proceed with the IDR 50939000 request. Although IDR 20186284.07 is available today, the full amount cannot be completed safely within 90 days."
request_198,185800,affordable_now,full_payment,2026-07-07:185800,2026-07-07,none,Pay INR 185800 today. This leaves at least INR 124300 available over the next 90 days.
request_199,23674000,affordable_with_plan,installments,2024-09-07:8206986.67|2024-10-08:8206986.67|2024-11-08:8206986.67,2024-09-04,none,"Use 3 installments of IDR 8206986.67, starting 7 September 2024. This leaves at least IDR 25359500 available."
request_200,21717000,affordable_now,full_payment,2025-02-06:21717000,2025-02-06,none,Pay IDR 21717000 today. This leaves at least IDR 20114600 available over the next 90 days.
request_201,23997000,affordable_now,full_payment,2026-04-03:23997000,2026-04-03,none,Pay IDR 23997000 today. This leaves at least IDR 17304500 available over the next 90 days.
request_202,123900,affordable_now,full_payment,2024-12-05:123900,2024-12-05,none,Pay INR 123900 today. This leaves at least INR 147800 available over the next 90 days.
request_203,1442.10,affordable_with_plan,installments,2025-05-10:499.93|2025-06-07:499.93|2025-07-05:499.93,2025-05-07,none,"Use 3 installments of EUR 499.93, starting 10 May 2025. This leaves at least EUR 1400 available."
request_204,588.74,affordable_now,full_payment,2026-01-04:588.74,2026-01-04,none,Pay EUR 588.74 today. This leaves at least EUR 1300 available over the next 90 days.
request_205,10621000,affordable_now,full_payment,2024-03-06:10621000,2024-03-06,none,Pay IDR 10621000 today. This leaves at least IDR 13994300 available over the next 90 days.
request_206,1404.70,affordable_with_plan,installments,2025-08-03:486.96|2025-08-31:486.96|2025-09-28:486.96,2025-08-03,none,"Use 3 installments of EUR 486.96, starting 3 August 2025. This leaves at least EUR 900 available."
request_207,4516.76,affordable_later,wait,2026-07-15:11830,2026-07-15,none,"Wait until 15 July 2026, then pay ZAR 11830 in full. Paying earlier would take the balance below the ZAR 13600 minimum."
request_208,169452.16,not_affordable,not_recommended,none,,none,"Do not proceed with the IDR 4413000 request. Although IDR 169452.16 is available today, the full amount cannot be completed safely within 90 days."
request_209,1660.21,not_affordable,not_recommended,none,,none,"Do not proceed with the ZAR 56914 request. Although ZAR 1660.21 is available today, the full amount cannot be completed safely within 90 days."
request_210,989.08,affordable_with_plan,partial_payment,2026-04-06:989.08|2026-04-15:370.94,2026-04-15,none,Pay USD 989.08 today and the remaining USD 370.94 on 15 April 2026. This completes the full request and keeps the USD 2000 minimum protected.
request_211,252.01,affordable_later,wait,2024-11-15:1788.60,2024-11-15,none,"Wait until 15 November 2024, then pay EUR 1788.60 in full. Paying earlier would take the balance below the EUR 1500 minimum."
request_212,5554894.61,not_affordable,not_recommended,none,,none,"Do not proceed with the IDR 71934000 request. Although IDR 5554894.61 is available today, the full amount cannot be completed safely within 90 days."
request_213,2375.44,not_affordable,not_recommended,none,,none,"Do not proceed with the USD 3362.40 request. Although USD 2375.44 is available today, the full amount cannot be completed safely within 90 days."
request_214,41878.70,affordable_with_plan,partial_payment,2024-12-04:41878.70|2024-12-15:27871.30,2024-12-15,none,Pay INR 41878.70 today and the remaining INR 27871.30 on 15 December 2024. This completes the full request and keeps the INR 174900 minimum protected.
request_215,29986,affordable_with_plan,installments,2025-05-09:10395.15|2025-06-06:10395.15|2025-07-04:10395.15,2025-05-06,none,"Use 3 installments of ZAR 10395.15, starting 9 May 2025. This leaves at least ZAR 15700 available."
request_216,483.08,affordable_later,wait,2026-09-15:3332.40,2026-09-15,none,"Wait until 15 September 2026, then pay USD 3332.40 in full. Paying earlier would take the balance below the USD 1800 minimum."
request_217,19583.40,affordable_with_plan,installments,2024-03-19:12889.07|2024-04-19:12889.07|2024-05-20:12889.07,2024-05-15,none,"Use 3 installments of ZAR 12889.07, starting 19 March 2024. This leaves at least ZAR 26800 available."
request_218,24611852.51,affordable_with_plan,installments,2025-08-07:21195893.33|2025-09-04:21195893.33|2025-10-02:21195893.33,2025-09-15,none,"Use 3 installments of IDR 21195893.33, starting 7 August 2025. This leaves at least IDR 34477200 available."
request_219,711.17,affordable_with_plan,installments,2026-04-07:580.01|2026-05-07:580.01|2026-06-06:580.01,2026-05-15,none,"Use 3 installments of EUR 580.01, starting 7 April 2026. This leaves at least EUR 1100 available."
request_220,72.34,not_affordable,not_recommended,none,,none,"Do not proceed with the EUR 3118.50 request. Although EUR 72.34 is available today, the full amount cannot be completed safely within 90 days."
request_221,109800,affordable_now,full_payment,2025-11-03:109800,2025-11-03,none,Pay INR 109800 today. This leaves at least INR 81500 available over the next 90 days.
request_222,34078,affordable_now,full_payment,2026-01-05:34078,2026-01-05,none,Pay ZAR 34078 today. This leaves at least ZAR 27300 available over the next 90 days.
request_223,898.70,affordable_now,full_payment,2024-09-07:898.70,2024-09-07,none,Pay EUR 898.70 today. This leaves at least EUR 800 available over the next 90 days.
request_224,10327000,affordable_with_plan,installments,2025-02-04:5370040|2025-03-04:5370040,2025-02-04,none,"Use 2 installments of IDR 5370040, starting 4 February 2025. This leaves at least IDR 22187600 available."
request_225,9590423.21,affordable_with_plan,installments,2026-07-20:7647120|2026-08-19:7647120|2026-09-18:7647120,2026-09-15,none,"Use 3 installments of IDR 7647120, starting 20 July 2026. This leaves at least IDR 17670700 available."
request_226,157000,affordable_now,full_payment,2024-12-03:157000,2024-12-03,none,Pay INR 157000 today. This leaves at least INR 209400 available over the next 90 days.
request_227,7567.26,not_affordable,not_recommended,none,,none,"Do not proceed with the INR 259700 request. Although INR 7567.26 is available today, the full amount cannot be completed safely within 90 days."
request_228,1601201.62,not_affordable,not_recommended,none,,none,"Do not proceed with the IDR 63327000 request. Although IDR 1601201.62 is available today, the full amount cannot be completed safely within 90 days."
request_229,548.38,affordable_with_plan,installments,2024-03-18:529.29|2024-04-18:529.29|2024-05-19:529.29,2024-05-15,none,"Use 3 installments of EUR 529.29, starting 18 March 2024. This leaves at least EUR 1000 available."
request_230,3537.60,affordable_now,full_payment,2025-08-06:3537.60,2025-08-06,none,Pay EUR 3537.60 today. This leaves at least EUR 2000 available over the next 90 days.
request_231,11022.45,not_affordable,not_recommended,none,,none,"Do not proceed with the ZAR 35706 request. Although ZAR 11022.45 is available today, the full amount cannot be completed safely within 90 days."
request_232,631.97,not_affordable,not_recommended,none,,none,"Do not proceed with the EUR 1970.10 request. Although EUR 631.97 is available today, the full amount cannot be completed safely within 90 days."
request_233,0,not_affordable,not_recommended,none,,none,Do not make this payment by 17 December 2025. None of the available options keeps the IDR 10365700 minimum protected.
request_234,183.19,affordable_later,wait,2026-09-15:1213.30,2026-09-15,none,"Wait until 15 September 2026, then pay EUR 1213.30 in full. Paying earlier would take the balance below the EUR 700 minimum."
request_235,967.20,affordable_now,full_payment,2024-09-06:967.20,2024-09-06,none,Pay USD 967.20 today. This leaves at least USD 700 available over the next 90 days.
request_236,5830036.97,not_affordable,not_recommended,none,,none,"Do not proceed with the IDR 52383000 request. Although IDR 5830036.97 is available today, the full amount cannot be completed safely within 90 days."
request_237,23826000,affordable_now,full_payment,2026-04-05:23826000,2026-04-05,none,Pay IDR 23826000 today. This leaves at least IDR 22431500 available over the next 90 days.
request_238,663.60,affordable_with_plan,installments,2024-12-07:230.05|2025-01-07:230.05|2025-02-07:230.05,2024-12-07,none,"Use 3 installments of USD 230.05, starting 7 December 2024. This leaves at least USD 700 available."
request_239,642,affordable_now,full_payment,2025-05-04:642,2025-05-04,none,Pay USD 642 today. This leaves at least USD 600 available over the next 90 days.
request_240,13746.71,not_affordable,not_recommended,none,,none,"Do not proceed with the INR 101200 request. Although INR 13746.71 is available today, the full amount cannot be completed safely within 90 days."
request_241,21052000,affordable_with_plan,installments,2024-03-17:7298026.67|2024-04-17:7298026.67|2024-05-18:7298026.67,2024-03-03,none,"Use 3 installments of IDR 7298026.67, starting 17 March 2024. This leaves at least IDR 19252000 available."
request_242,0,not_affordable,not_recommended,none,,none,Do not make this payment by 25 August 2025. None of the available options keeps the EUR 600 minimum protected.
request_243,17468,affordable_now,full_payment,2026-07-07:17468,2026-07-07,none,Pay ZAR 17468 today. This leaves at least ZAR 19900 available over the next 90 days.
request_244,49918,affordable_now,full_payment,2024-06-04:49918,2024-06-04,none,Pay ZAR 49918 today. This leaves at least ZAR 45900 available over the next 90 days.
request_245,0,not_affordable,not_recommended,none,,none,Do not make this payment by 15 January 2026. None of the available options keeps the INR 94600 minimum protected.
request_246,64086,affordable_with_plan,installments,2026-04-03:22216.48|2026-05-03:22216.48|2026-06-02:22216.48,2026-04-03,none,"Use 3 installments of ZAR 22216.48, starting 3 April 2026. This leaves at least ZAR 39300 available."
request_247,1059.30,affordable_now,full_payment,2024-09-05:1059.30,2024-09-05,none,Pay EUR 1059.30 today. This leaves at least EUR 1300 available over the next 90 days.
request_248,937.87,affordable_with_plan,partial_payment,2025-02-07:937.87|2025-04-15:1027.73,2025-04-15,none,Pay USD 937.87 today and the remaining USD 1027.73 on 15 April 2025. This completes the full request and keeps the USD 1300 minimum protected.
request_249,101.71,not_affordable,not_recommended,none,,none,"Do not proceed with the USD 643.20 request. Although USD 101.71 is available today, the full amount cannot be completed safely within 90 days."
request_250,15440.18,not_affordable,not_recommended,none,,none,"Do not proceed with the ZAR 124278 request. Although ZAR 15440.18 is available today, the full amount cannot be completed safely within 90 days."
request_251,688.17,not_affordable,not_recommended,none,,none,"Do not proceed with the EUR 1513.60 request. Although EUR 688.17 is available today, the full amount cannot be completed safely within 90 days."
request_252,3988819.51,affordable_later,wait,2026-09-15:28082000,2026-09-15,none,"Wait until 15 September 2026, then pay IDR 28082000 in full. Paying earlier would take the balance below the IDR 15152200 minimum."
request_253,1562.83,affordable_with_plan,installments,2024-03-21:984.60|2024-04-21:984.60|2024-05-22:984.60,2024-05-15,none,"Use 3 installments of EUR 984.60, starting 21 March 2024. This leaves at least EUR 2300 available."
request_254,637.23,affordable_later,wait,2025-10-15:3535.20,2025-10-15,none,"Wait until 15 October 2025, then pay USD 3535.20 in full. Paying earlier would take the balance below the USD 2500 minimum."
request_255,750746.03,not_affordable,not_recommended,none,,none,"Do not proceed with the IDR 3345000 request. Although IDR 750746.03 is available today, the full amount cannot be completed safely within 90 days."
request_256,152799.25,affordable_with_plan,installments,2024-06-10:75816|2024-07-11:75816|2024-08-11:75816,2024-07-15,none,"Use 3 installments of INR 75816, starting 10 June 2024. This leaves at least INR 168600 available."
request_257,317.96,affordable_later,wait,2026-01-15:1352.40,2026-01-15,none,"Wait until 15 January 2026, then pay USD 1352.40 in full. Paying earlier would take the balance below the USD 1600 minimum."
request_258,1113.60,affordable_now,full_payment,2026-01-07:1113.60,2026-01-07,none,Pay USD 1113.60 today. This leaves at least USD 500 available over the next 90 days.
request_259,253.88,affordable_later,wait,2024-11-15:935,2024-11-15,none,"Wait until 15 November 2024, then pay EUR 935 in full. Paying earlier would take the balance below the EUR 600 minimum."
request_260,6375023.47,not_affordable,not_recommended,none,,none,"Do not proceed with the IDR 52079000 request. Although IDR 6375023.47 is available today, the full amount cannot be completed safely within 90 days."
request_261,1830.40,affordable_now,full_payment,2026-07-03:1830.40,2026-07-03,none,Pay EUR 1830.40 today. This leaves at least EUR 1500 available over the next 90 days.
request_262,9236000,affordable_now,full_payment,2024-12-05:9236000,2024-12-05,none,Pay IDR 9236000 today. This leaves at least IDR 31018500 available over the next 90 days.
request_263,0,not_affordable,not_recommended,none,,none,Do not make this payment by 15 June 2025. None of the available options keeps the ZAR 24100 minimum protected.
request_264,28572.15,not_affordable,not_recommended,none,,none,"Do not proceed with the INR 111300 request. Although INR 28572.15 is available today, the full amount cannot be completed safely within 90 days."
request_265,0,not_affordable,not_recommended,none,,none,Do not make this payment by 21 March 2024. None of the available options keeps the INR 189700 minimum protected.
request_266,480.98,not_affordable,not_recommended,none,,none,"Do not proceed with the EUR 935 request. Although EUR 480.98 is available today, the full amount cannot be completed safely within 90 days."
request_267,1641.71,affordable_with_plan,installments,2026-01-08:667.33|2026-02-07:667.33|2026-03-09:667.33,2026-02-15,none,"Use 3 installments of EUR 667.33, starting 8 January 2026. This leaves at least EUR 1500 available."
request_268,1041.50,not_affordable,not_recommended,none,,none,"Do not proceed with the EUR 2426.60 request. Although EUR 1041.50 is available today, the full amount cannot be completed safely within 90 days."
request_269,0,not_affordable,not_recommended,none,,none,Do not make this payment by 2 January 2026. None of the available options keeps the ZAR 23100 minimum protected.
request_270,96.77,not_affordable,not_recommended,none,,none,"Do not proceed with the USD 3028.80 request. Although USD 96.77 is available today, the full amount cannot be completed safely within 90 days."
request_271,13812.36,affordable_later,wait,2024-11-15:91300,2024-11-15,none,"Wait until 15 November 2024, then pay INR 91300 in full. Paying earlier would take the balance below the INR 58200 minimum."
request_272,5415269.10,affordable_with_plan,installments,2025-02-12:4709466.67|2025-03-12:4709466.67|2025-04-09:4709466.67,2025-03-15,none,"Use 3 installments of IDR 4709466.67, starting 12 February 2025. This leaves at least IDR 7508600 available."
request_273,9628167.38,affordable_with_plan,partial_payment,2026-04-07:9628167.38|2026-04-15:6232832.62,2026-04-15,none,Pay IDR 9628167.38 today and the remaining IDR 6232832.62 on 15 April 2026. This completes the full request and keeps the IDR 18774600 minimum protected.
request_274,2131.94,not_affordable,not_recommended,none,,none,"Do not proceed with the EUR 2713.70 request. Although EUR 2131.94 is available today, the full amount cannot be completed safely within 90 days."
request_275,15884000,affordable_now,full_payment,2025-05-06:15884000,2025-05-06,none,Pay IDR 15884000 today. This leaves at least IDR 12760100 available over the next 90 days.
